country,year,co2_per_capita_tco2e_excl_lulucf,co2_total_mtco2e_excl_lulucf,energy_use_kg_oe_per_capita,gdp_current_usd,population_total,renewable_electricity_pct,renewable_energy_consumption_pct,urban_pop_pct,missing_indicator_count
BRN,1990,16.8434576876675,4.3,6766.20265813163,6039881086.68157,255292.0,0.0,0.7,66.438,0
BRN,1991,18.6960197413517,4.9095,7438.26203761683,6284497300.38401,262596.0,0.0,0.4,66.585,0
BRN,1992,19.8685141880899,5.3613,7783.23273590893,6327966444.87488,269839.0,0.0,0.2,67.078,0
BRN,1993,19.5356192525571,5.4108,7299.53266292428,6203339925.05349,276971.0,0.0,0.0,67.604,0
BRN,1994,19.3381698117857,5.4938,6603.06657909867,6467782521.31603,284091.0,0.0,0.0,68.126,0
BRN,1995,19.964628513539,5.8136,7718.4147112912,7700144056.74744,291195.0,0.0,0.0,68.644,0
BRN,1996,20.4756668320616,6.1074,7585.30865702678,7663377277.00351,298276.0,0.0,0.0,69.158,0
BRN,1997,21.2909501180647,6.501,7652.68069432589,7793034389.75098,305341.0,0.0,0.0,69.666,0
BRN,1998,18.3843654464843,5.743,7448.31277617827,5550846024.98159,312385.0,0.0,0.0,70.17,0
BRN,1999,18.8102476120109,6.0082,7427.44777738284,6309070374.83966,319411.0,0.0,0.0,70.669,0
BRN,2000,18.6095385143249,6.0746,7306.50805505588,6570999059.70575,326424.0,0.0,0.0,71.164,0
BRN,2001,17.5841845535406,5.8616,6624.44570244008,6096155747.56182,333345.0,0.0,0.0,71.652,0
BRN,2002,16.3420062981661,5.5579,6344.70953602184,6333082878.97992,340099.0,0.0,0.0,72.046,0
BRN,2003,18.6148622334027,6.4526,7227.93461469148,7167725264.75135,346637.0,0.0,0.0,72.421,0
BRN,2004,17.7631187466528,6.2688,6509.41375687627,8619178799.47025,352911.0,0.0,0.0,72.794,0
BRN,2005,16.7418003098218,6.0089,6180.90186134327,10547202612.4295,358916.0,0.0,0.0,73.163,0
BRN,2006,23.6253746609884,8.6153,8644.25613377398,12644616446.1918,364663.0,0.0,0.0,73.529,0
BRN,2007,22.0673923418529,8.1842,8703.6654696927,13432029495.6785,370873.0,0.0,0.0,73.892,0
BRN,2008,23.5779911221224,8.9076,9379.39547102847,15926456491.5178,377793.0,0.0,0.0,74.252,0
BRN,2009,20.8358444689208,8.0208,7906.16450304433,11912904529.0722,384952.0,0.0,0.0,74.608,0
BRN,2010,18.8088149832285,7.3793,8261.092768512,13707121031.2552,392332.0,0.0213607594936709,0.0,74.961,0
BRN,2011,19.6828155006773,7.8611,9699.3002516897,18524791070.6802,399389.0,0.043489932885906,0.0,75.31,0
BRN,2012,18.7946453889342,7.6223,9446.07290658886,19048443339.9457,405557.0,0.0424936386768448,0.0,75.656,0
BRN,2013,18.9420284920793,7.789,7399.88850699904,18094148099.4922,411202.0,0.038391640163562,0.0,75.997,0
BRN,2014,19.451949610078,8.1066,8529.79303823974,17097797371.9718,416750.0,0.0359520639147803,0.0,76.332,0
BRN,2015,17.4440802251002,7.3651,6437.00247398227,12930296852.4882,422212.0,0.0311904761904762,0.0,76.663,0
BRN,2016,18.4748949864816,7.8992,7008.28171997556,11400266055.3232,427564.0,0.0255269320843091,0.0,76.99,0
BRN,2017,18.1883301137782,7.8714,8385.25858976533,12128168046.7827,432772.0,0.0377676208804426,0.0,77.312,0
BRN,2018,18.3415180100957,8.0301,8304.04242825767,13566908401.1864,437810.0,0.037037037037037,0.0,77.629,0
BRN,2019,17.175612180356,7.6033,9219.80339333238,13469235348.2211,442680.0,0.0218978102189781,0.0,77.942,0
BRN,2020,22.1359218960939,9.9037,9175.89257228992,12005799664.2691,447404.0,0.0193548387096774,0.0,78.25,0
BRN,2021,21.5757071289579,9.7462,8962.62325631033,14006496614.3195,451721.0,0.0196525706264257,0.0,78.554,0
BRN,2022,20.7490612029778,9.4485,9537.0515607056,16681536442.5498,455370.0,0.0196525706264257,0.0,78.854,0
BRN,2023,21.1703261146663,9.7161,9537.0515607056,15095084686.1651,458949.0,0.0196525706264257,0.0,79.149,0
BRN,2024,21.1703261146663,9.7161,9537.0515607056,15463134387.2013,462721.0,0.0196525706264257,0.0,79.439,0
IDN,1990,0.881619792814537,161.7782,461.47874965682,106140727333.636,183501098.0,20.9171334986378,59.2,30.584,0
IDN,1991,0.935142133635504,174.6642,477.034665447769,116621996217.133,186778238.0,20.5570433851098,58.4,31.613,0
IDN,1992,0.960601996980232,182.5564,489.759547327284,128026966579.964,190043744.0,23.8383157083323,57.5,32.703,0
IDN,1993,1.03387458321859,199.8533,534.334769070592,158006700301.533,193305168.0,19.7753303964758,56.1,33.808,0
IDN,1994,1.08216654865227,212.7451,524.021858215958,176892143931.505,196591828.0,15.6567623349819,53.4,34.933,0
IDN,1995,1.19618452241997,239.103,574.757187942779,202132028723.115,199888057.0,16.4633734288417,50.7,36.076,0
IDN,1996,1.24022592272484,252.0193,587.218752078902,227369679374.973,203204348.0,15.6153035319269,49.3,37.235,0
IDN,1997,1.3340878745674,275.5373,595.387791448216,215748998609.635,206536095.0,10.3871627806796,47.6,38.406,0
IDN,1998,1.32613429701836,278.2585,567.577817932084,95445547872.715,209826788.0,16.1234519363082,48.9,39.593,0
IDN,1999,1.38622877504262,295.2732,587.052743287001,140001351215.462,213004668.0,14.8123733489587,45.8,40.792,0
IDN,2000,1.38418807411905,299.0923,585.786495774263,165021012077.81,216077790.0,21.0016394320922,45.6,42.002,0
IDN,2001,1.45863468834129,319.5838,591.12494475388,160446947784.909,219097902.0,21.9326940170265,44.3,42.783,0
IDN,2002,1.46322212683732,324.9648,606.322305750967,195660611165.183,222088495.0,19.4262454143064,44.7,43.568,0
IDN,2003,1.57139226933304,353.6387,597.275615070065,234772463823.808,225048008.0,17.5550392125622,43.0,44.356,0
IDN,2004,1.58017941991504,360.165,634.752388297531,256836875295.452,227926649.0,17.4691460765793,41.5,45.149,0
IDN,2005,1.57060210727476,362.6075,637.329758271386,285868619196.085,230871650.0,17.7843235656204,41.6,45.942,0
IDN,2006,1.63894504151653,383.4339,643.624656628862,364570515618.357,233951652.0,15.9337877239389,40.1,46.738,0
IDN,2007,1.69525705806233,401.8816,628.600516176574,432216737774.861,237062337.0,17.1079767289713,40.0,47.535,0
IDN,2008,1.65423079997496,397.2766,632.507070175417,510228634992.258,240157903.0,17.6652893668886,41.1,48.335,0
IDN,2009,1.69136729151269,411.3744,674.894542379565,539580085612.401,243220028.0,17.123464349956,38.2,49.134,0
IDN,2010,1.80144503739144,443.7055,669.112078931141,755094157621.936,246305322.0,19.5994746504731,36.0,49.914,0
IDN,2011,2.00412047888782,499.968,664.807893671477,892969104563.171,249470032.0,16.0083592484018,32.4,50.595,0
IDN,2012,1.99554706542114,504.2718,680.546536439194,917869913332.649,252698525.0,15.0475301495417,30.1,51.276,0
IDN,2013,1.85645776868745,474.9793,696.192807739943,912524136718.018,255852467.0,15.912612809934,30.6,51.955,0
IDN,2014,1.95132793342072,505.1547,704.653772045539,890814755533.537,258877399.0,14.5086391000202,29.3,52.635,0
IDN,2015,1.95725313176892,512.4074,698.660737586188,860854232686.214,261799249.0,13.6593504639543,26.6,53.313,0
IDN,2016,1.91619146584425,507.0768,718.57953489745,931877364037.698,264627418.0,15.1437457097094,27.8,53.989,0
IDN,2017,2.00382979913667,535.7172,755.351304203294,1015618744159.73,267346658.0,15.7714127577141,25.2,54.659,0
IDN,2018,2.21327139952212,597.4767,826.038659966956,1042271532988.63,269951846.0,15.5999106611078,22.0,55.325,0
IDN,2019,2.338843802504,637.3101,844.870039441295,1119099871350.2,272489381.0,14.5841228957778,19.8,55.985,0
IDN,2020,2.16241358646151,594.2634,848.436766186593,1059054842698.48,274814866.0,15.8206622268759,21.9,56.641,0
IDN,2021,2.23779360089659,619.3274,896.813534898965,1186509691086.73,276758053.0,15.5300398228856,20.2,57.29,0
IDN,2022,2.35508357838392,656.6692,953.65392850686,1319101183380.15,278830529.0,15.5300398228856,20.2,57.934,0
IDN,2023,2.39886105222913,674.5359,976.949985543796,1371169301563.62,281190067.0,15.5300398228856,20.2,58.572,0
IDN,2024,2.39886105222913,674.5359,976.949985543796,1396300098190.97,283487931.0,15.5300398228856,20.2,59.204,0
KHM,1990,0.0586189203379314,0.4323,282.350097776989,1402541176.5121,7374752.0,0.0,82.5,15.546,0
KHM,1991,0.0620410181023436,0.4769,282.350097776989,2054974089.3643,7686850.0,0.0,82.5,15.887,0
KHM,1992,0.0644514545210495,0.5229,282.350097776989,2491486594.18917,8113083.0,0.0,82.5,16.234,0
KHM,1993,0.0615455607174288,0.5303,282.350097776989,2533727592.04165,8616381.0,0.0,82.5,16.587,0
KHM,1994,0.0590096807481025,0.5452,282.350097776989,2791435272.26653,9239162.0,0.0,82.5,16.946,0
KHM,1995,0.149812891095341,1.5009,282.350097776989,3441205692.9166,10018497.0,0.0,82.5,17.311,0
KHM,1996,0.154259637987014,1.6662,269.715973671116,3506695719.57259,10801270.0,0.0,82.5,17.683,0
KHM,1997,0.153746674223502,1.779,258.947253051872,3443413388.65696,11570982.0,0.0,82.2,18.06,0
KHM,1998,0.165340139007792,1.9937,268.346190136852,3120425502.66241,12058173.0,0.0,81.3,18.355,0
KHM,1999,0.158335446945641,1.9421,271.448297617757,3517242477.2548,12265731.0,0.0,81.5,18.47,0
KHM,2000,0.160555773813192,2.0009,273.111060087066,3694168979.32019,12462336.0,8.95982142857143,81.6,18.586,0
KHM,2001,0.172785303516598,2.1872,276.164207089023,4145665969.92864,12658484.0,5.94695481335953,80.5,18.703,0
KHM,2002,0.174831417007274,2.2475,272.095279032918,4501227626.62752,12855241.0,4.06043956043956,81.0,18.82,0
KHM,2003,0.185242964353296,2.4176,275.5985706572,5046693484.31767,13050968.0,5.37221494102228,79.9,18.937,0
KHM,2004,0.182646216068865,2.4191,279.272336910563,5883297159.87352,13244731.0,3.55092024539877,80.7,19.055,0
KHM,2005,0.200964313208478,2.7008,286.390391082312,7066296463.3598,13439202.0,4.61099585062241,79.2,19.174,0
KHM,2006,0.220492252087172,3.0073,289.726360027538,8350531016.65753,13639028.0,4.51993214588634,78.0,19.293,0
KHM,2007,0.267053996707069,3.6965,298.213771742013,10127916459.8983,13841770.0,3.83512064343164,74.8,19.413,0
KHM,2008,0.291507889256461,4.0967,296.389616055637,12174303999.0812,14053479.0,3.61470985155196,74.1,19.571,0
KHM,2009,0.341364772662801,4.8736,311.4624062289,12502901169.7377,14276810.0,4.52764612954186,68.0,19.93,0
KHM,2010,0.355699431876721,5.1579,323.255970747488,13808673288.0696,14500726.0,4.03838582677165,64.8,20.294,0
KHM,2011,0.364290670713782,5.3633,325.063800981871,16032622023.8265,14722584.0,6.53911404335533,64.0,20.663,0
KHM,2012,0.376732551203289,5.6303,334.025964498856,17826536699.8016,14945085.0,36.4129993229519,64.4,21.037,0
KHM,2013,0.375176134697692,5.6915,337.778887518004,19807135252.8649,15170208.0,56.6552100381888,65.0,21.415,0
KHM,2014,0.456504779053687,7.0287,359.949524640373,22041463967.9009,15396772.0,60.0586750788644,63.7,21.799,0
KHM,2015,0.544957000306786,8.514,379.745573981888,24174170369.0738,15623251.0,48.5870786516854,60.6,22.188,0
KHM,2016,0.668090053222764,10.5911,412.747652430932,26556545153.3573,15852803.0,46.0111837577426,58.0,22.582,0
KHM,2017,0.737163303381518,11.8487,418.953616262105,29355665909.7905,16073372.0,41.1053545586107,56.3,22.98,0
KHM,2018,0.757988468109847,12.3359,440.94962587052,33145892168.8958,16274522.0,57.2159690467816,58.1,23.388,0
KHM,2019,0.962005190851403,15.8551,489.36782496618,36685356407.7206,16481304.0,47.312375249501,53.0,23.805,0
KHM,2020,0.992486072442551,16.5998,516.116717657277,34818073901.4851,16725474.0,46.9453305466945,51.4,24.232,0
KHM,2021,0.988405710867102,16.7775,501.330977178892,36790163687.4421,16974305.0,56.4018810620163,52.4,24.668,0
KHM,2022,1.00888143537241,17.3545,501.644136152087,39994532959.6074,17201724.0,56.4018810620163,52.4,25.114,0
KHM,2023,1.03134893031862,17.9701,501.644136152087,42335646895.7984,17423880.0,56.4018810620163,52.4,25.57,0
KHM,2024,1.03134893031862,17.9701,501.644136152087,46352647034.7775,17638801.0,56.4018810620163,52.4,26.035,0
LAO,1990,0.0597408831956734,0.2576,296.828433223862,865559879.400406,4311955.0,99.6551724137931,88.4,15.437,0
LAO,1991,0.0710240403975723,0.315,296.828433223862,1028087972.31085,4435118.0,99.6551724137931,88.0,15.782,0
LAO,1992,0.0761901252860419,0.3474,296.828433223862,1127806944.61513,4559646.0,99.6551724137931,87.0,16.133,0
LAO,1993,0.0781420088536753,0.3661,296.828433223862,1327748689.88094,4685060.0,99.6551724137931,86.7,16.49,0
LAO,1994,0.0839637196884318,0.4038,296.828433223862,1543606345.11684,4809220.0,99.6551724137931,86.3,16.854,0
LAO,1995,0.0804356059722372,0.3965,296.828433223862,1763536304.53964,4929409.0,99.6551724137931,85.6,17.378,0
LAO,1996,0.0921977185226644,0.4652,296.828433223862,1873671550.34636,5045678.0,99.6551724137931,84.9,18.234,0
LAO,1997,0.0998056875266765,0.5142,296.828433223862,1747011857.33107,5152011.0,99.6551724137931,84.6,19.12,0
LAO,1998,0.105044218414234,0.5513,296.828433223862,1280177838.71905,5248266.0,99.6551724137931,86.6,20.039,0
LAO,1999,0.100116387406793,0.5347,296.828433223862,1454430642.44959,5340784.0,99.6551724137931,86.6,20.991,0
LAO,2000,0.172061042728584,0.9345,296.828433223862,1731198022.46763,5431212.0,99.6551724137931,81.5,21.977,0
LAO,2001,0.186381120141295,1.0291,305.203788340763,1768619058.34647,5521482.0,99.6551724137931,81.1,22.993,0
LAO,2002,0.20574279762084,1.1544,308.964836465676,1758176653.07746,5610889.0,96.5371809100999,80.2,24.044,0
LAO,2003,0.210602243440398,1.2,314.0195746722,2023324407.28414,5697945.0,96.66298338277224,78.7,25.126,0
LAO,2004,0.217585848686857,1.258,319.062906873054,2366398119.86321,5781626.0,96.78878585544456,74.0,26.242,0
LAO,2005,0.221926040668041,1.3026,324.856817488689,2735558734.7379,5869523.0,96.91458832811689,73.9,27.186,0
LAO,2006,0.28652401395224,1.7086,349.385020841441,3455030060.9785,5963200.0,97.04039080078923,69.8,27.748,0
LAO,2007,0.298205023714399,1.806,377.457251010717,4223152739.04052,6056236.0,97.16619327346154,70.7,28.316,0
LAO,2008,0.343065642386553,2.1095,406.727596705488,5446433157.40114,6148969.0,97.29199574613388,69.3,28.893,0
LAO,2009,0.423077773444872,2.6407,420.269670847966,5836137329.63305,6241642.0,97.41779821880621,66.4,29.475,0
LAO,2010,0.467525939369713,2.9614,425.369477265063,7131771014.70456,6334194.0,97.54360069147855,64.8,30.064,0
LAO,2011,0.486447711772495,3.1262,424.226591651912,8750104617.17303,6426590.0,97.66940316415086,63.6,30.66,0
LAO,2012,0.511690636170271,3.3357,430.517609314187,10192846339.4029,6518978.0,97.7952056368232,62.4,31.264,0
LAO,2013,0.596576965340848,3.9442,446.093067662227,11983252626.5452,6611385.0,97.92591675015304,58.6,31.872,0
LAO,2014,0.654511028510084,4.3873,458.192519798491,13279245886.3854,6703172.0,98.05662786348286,58.2,32.487,0
LAO,2015,1.31253542341595,8.9274,602.339548780014,14426380125.6488,6801645.0,98.1873389768127,53.3,33.108,0
LAO,2016,2.29720000660028,15.8709,754.130255846522,15912501722.6143,6908802.0,68.5940165946009,51.7,33.736,0
LAO,2017,2.74204857777986,19.2441,811.84123029479,17071155481.4994,7018147.0,62.8753622255136,50.6,34.368,0
LAO,2018,2.78647230762432,19.8621,805.88201068311,18141641089.7963,7128045.0,61.7315527914209,50.2,35.004,0
LAO,2019,2.67627440783151,19.3699,782.690308446395,18740561512.5555,7237636.0,86.4462090163934,50.5,35.645,0
LAO,2020,2.645846687138,19.4378,701.728790627854,18981805250.2424,7346533.0,66.091823458767,50.6,36.29,0
LAO,2021,3.19548907488521,23.8166,727.414717441626,18827148530.9347,7453194.0,63.2911054213514,51.5,36.939,0
LAO,2022,3.24790015408108,24.5509,815.086540442856,15468785203.7532,7559007.0,63.2911054213514,49.2,37.592,0
LAO,2023,3.39475848184075,26.0208,815.086540442856,15843155731.2552,7664993.0,63.2911054213514,49.2,38.247,0
LAO,2024,3.39475848184075,26.0208,815.086540442856,16502933121.0806,7769819.0,63.2911054213514,49.2,38.906,0
MMR,1990,0.111318583997675,4.4324,268.258896243736,2115193513.29556,39817251.0,48.1436642453592,90.9,25.243,0
MMR,1991,0.1062331940409,4.2912,260.02138434569,2069832686.98061,40394154.0,46.3205080313784,91.1,25.418,0
MMR,1992,0.111097973247696,4.5495,264.448318123966,2411552288.76212,40950342.0,50.6675567423231,90.8,25.593,0
MMR,1993,0.122575958144522,5.0872,258.836824497865,3163020034.63637,41502429.0,50.3692762186115,89.2,25.769,0
MMR,1994,0.145045280193198,6.0999,271.528610628702,4432257173.6492,42055143.0,44.9081803005008,88.0,25.946,0
MMR,1995,0.173682462042667,7.3998,277.216010328342,5289174942.53404,42605338.0,40.0493218249075,85.2,26.124,0
MMR,1996,0.180313410818619,7.7814,274.207933639514,6123556716.81329,43154860.0,41.850443599493,84.6,26.303,0
MMR,1997,0.177229765046387,7.7465,276.421864771514,4722288495.66085,43708798.0,37.9302587176603,85.2,26.482,0
MMR,1998,0.190364214501161,8.4251,280.397802593636,6459461639.30243,44257793.0,22.9282435370863,83.4,26.663,0
MMR,1999,0.206402540124611,9.2443,278.009100440927,8486832800.88498,44787724.0,22.3755119637853,81.9,26.843,0
MMR,2000,0.221709285548484,10.0414,283.525751035703,8905066163.58643,45290841.0,39.325517780383,80.2,27.025,0
MMR,2001,0.191692848194143,8.774,274.124811979368,6477790688.22844,45771139.0,45.9174664107486,82.5,27.208,0
MMR,2002,0.191284718183921,8.8436,280.52424238022,6777632512.0781,46232653.0,44.2444751381215,83.0,27.391,0
MMR,2003,0.234800928240979,10.9575,301.406139026565,10467109977.6717,46667192.0,40.8412903225806,79.9,27.575,0
MMR,2004,0.22583975634631,10.63,314.736266036282,10567354056.4049,47068772.0,45.576573364236,80.2,27.76,0
MMR,2005,0.236951674030081,11.2406,312.774547278866,11986972418.5103,47438365.0,52.3452460106383,79.6,27.946,0
MMR,2006,0.218722830855244,10.4517,314.353500872765,14502553709.8303,47785135.0,56.655418559377,81.3,28.132,0
MMR,2007,0.226840316797223,10.9167,323.443459380433,20182477480.5512,48125043.0,59.6847944991405,80.5,28.319,0
MMR,2008,0.172648544941183,8.3546,309.294197701747,31862554101.9378,48390793.0,64.5312594382362,85.6,28.507,0
MMR,2009,0.159971775029907,7.7843,290.572484432835,36906181380.8127,48660459.0,78.3324238943136,85.8,28.695,0
MMR,2010,0.176010377856472,8.6288,278.483453812986,49540813342.4834,49024382.0,73.9860869565217,84.6,28.885,0
MMR,2011,0.185609741192906,9.1728,279.998295569373,59977326085.9908,49419820.0,74.286015729906,83.8,29.075,0
MMR,2012,0.25196515888876,12.5573,303.854962936024,59937796648.2158,49837446.0,72.6501003100493,78.1,29.266,0
MMR,2013,0.282921766692084,14.2204,317.028588736041,60269732854.827,50262658.0,94.1454931417374,75.6,29.457,0
MMR,2014,0.350014366150862,17.7393,345.059457398655,65531374199.6663,50681634.0,74.3878805000353,72.0,29.65,0
MMR,2015,0.386288210140348,19.7351,353.406826920047,59607290407.6191,51089056.0,68.089969947408,70.0,29.858,0
MMR,2016,0.446004264123355,22.9673,376.137198590416,63298361996.2153,51495696.0,69.2753104374091,68.8,30.082,0
MMR,2017,0.65006147613087,33.7349,429.211582722245,66053040483.0016,51894938.0,65.0456537442812,59.5,30.322,0
MMR,2018,0.640911801629649,33.5019,429.032316766838,67860515989.517,52272247.0,70.1940914419695,59.4,30.579,0
MMR,2019,0.65295468167386,34.372,426.034236342975,75065106227.6892,52640713.0,69.6768388929812,58.5,30.852,0
MMR,2020,0.654628004454913,34.7061,420.352655494399,79006113643.1906,53016522.0,62.1911447084233,59.2,31.141,0
MMR,2021,0.596140243761499,31.8262,404.314368791505,66345291160.1683,53387102.0,62.0739293687843,62.9,31.448,0
MMR,2022,0.602575075776013,32.3925,399.521185214539,62253049891.6449,53756787.0,62.0739293687843,62.9,31.771,0
MMR,2023,0.61640603897772,33.3684,399.521185214539,66757619000.0,54133798.0,62.0739293687843,62.9,32.112,0
MMR,2024,0.61640603897772,33.3684,399.521185214539,74079772652.4286,54500091.0,62.0739293687843,62.9,32.47,0
MYS,1990,3.61249830442382,64.4223,1188.82452987296,44024585239.6137,17833171.0,17.3314216197428,8.3,49.794,0
MYS,1991,4.10541353658919,75.3034,1433.29044241027,49143148094.2683,18342464.0,16.6013859596264,7.6,50.576,0
MYS,1992,4.20951429106008,79.2844,1542.60165312621,59167550162.956,18834572.0,14.8743135850472,6.9,51.814,0
MYS,1993,4.11425153384647,79.4983,1628.85647518995,66894966968.9736,19322664.0,14.0274619303952,6.7,53.109,0
MYS,1994,4.41788746832438,87.5645,1579.98307589289,74478356957.7808,19820446.0,16.6854219948849,6.8,54.402,0
MYS,1995,4.47298675262839,90.9385,1669.4307615698,88705342902.7113,20330599.0,13.6861554705028,6.1,55.688,0
MYS,1996,4.96066035599755,103.4302,1804.8415103812,100855393910.486,20850087.0,10.0882993620663,4.9,56.969,0
MYS,1997,5.29855648723676,113.2578,2053.29504995782,100005323301.867,21375218.0,6.69108373788504,4.2,58.237,0
MYS,1998,5.05175285767427,110.6673,1902.76224719258,72167498980.8398,21906713.0,7.99690336182899,4.5,59.496,0
MYS,1999,5.33504644931292,119.6946,1883.08205967087,79148421052.6316,22435531.0,11.5355724863183,4.9,60.742,0
MYS,2000,5.69403725630682,130.7796,2102.39212549567,93789736842.1053,22967816.0,10.9232690780449,4.4,61.977,0
MYS,2001,5.88304152527669,138.4076,2135.7884053911,92783947368.4211,23526538.0,9.33847279275224,4.2,62.922,0
MYS,2002,6.08051197393529,146.5554,2154.46190610282,100845526315.789,24102477.0,8.06362375250845,3.5,63.856,0
MYS,2003,6.344348664942,156.576,2254.16675979207,110202368421.053,24679602.0,7.21783124545999,3.3,64.78,0
MYS,2004,6.7160126400951,169.6248,2371.20028657265,124749473684.211,25256772.0,7.4770672305673,3.2,65.694,0
MYS,2005,7.01158082434438,181.1517,2515.14872740447,143534405818.501,25836071.0,7.99419399320213,3.0,66.594,0
MYS,2006,7.10770863810607,187.7708,2472.12683283587,162692258307.056,26417909.0,7.83366358677502,3.1,67.483,0
MYS,2007,7.59083810519213,204.9404,2584.76582554848,193549569477.733,26998389.0,7.01503343041142,2.8,68.36,0
MYS,2008,7.84104959659317,216.1782,2678.81949826316,230811614370.384,27570059.0,8.91908058199814,3.0,69.225,0
MYS,2009,7.03938356420093,197.9811,2483.79273364834,202257453036.641,28124778.0,6.86623621802884,2.3,70.075,0
MYS,2010,7.52290218907351,215.5746,2529.59168934211,255017638455.59,28655776.0,6.18425945218214,2.0,70.912,0
MYS,2011,7.48674329665357,218.3287,2591.22470848139,297951668674.835,29162039.0,6.72431796910653,2.2,71.609,0
MYS,2012,7.41258985024052,219.8784,2587.43170352026,314443047642.111,29662831.0,8.07205631748536,2.5,72.275,0
MYS,2013,7.86251794368479,237.2457,2869.7691156446,323276235524.415,30174265.0,9.48138751554052,2.8,72.93,0
MYS,2014,8.19206012795682,251.4646,2879.92352228516,338066095097.254,30696137.0,9.85821426876157,3.0,73.577,0
MYS,2015,8.09817295267622,252.9286,2706.92696275778,301355266964.947,31232798.0,11.1401917094649,3.4,74.213,0
MYS,2016,7.78769276889658,247.5683,2759.17228283076,301256033870.334,31789685.0,13.6711221754117,4.4,74.84,0
MYS,2017,7.35156129174867,237.8645,2617.76462271235,319109094160.343,32355644.0,17.0431848852901,5.2,75.447,0
MYS,2018,7.7287671310296,254.3612,2839.45244829846,358788845712.53,32910967.0,16.7095480216049,5.3,76.036,0
MYS,2019,7.63165524920668,255.2071,2878.2988852867,365177721021.516,33440596.0,16.1811968399747,5.7,76.607,0
MYS,2020,7.47703466654832,253.3934,2722.6031659631,337456163961.211,33889558.0,17.5710782624676,7.0,77.16,0
MYS,2021,7.55240028563929,258.9144,2793.49953523,373784823672.946,34282399.0,17.0004556137729,7.5,77.696,0
MYS,2022,7.90714805522435,274.3424,2867.09651939173,407605841348.235,34695493.0,17.0004556137729,7.5,78.214,0
MYS,2023,8.06585140284353,283.3235,2867.09651939173,399705137434.074,35126298.0,17.0004556137729,7.5,78.716,0
MYS,2024,8.06585140284353,283.3235,2867.09651939173,421972102253.57,35557673.0,17.0004556137729,7.5,79.201,0
PHL,1990,0.677384873861234,42.5768,424.030763734864,50508286641.5746,62854666.0,45.4248490143199,49.5,46.986,0
PHL,1991,0.665281201966088,42.8323,430.62062131618,51784144942.727,64382249.0,42.5084798627627,51.3,46.901,0
PHL,1992,0.707203707179817,46.6232,444.418600618215,60422328242.1803,65926125.0,39.1959798994975,47.7,46.815,0
PHL,1993,0.744520030402208,50.2779,410.827080255246,62036529147.1831,67530621.0,40.2460589186952,44.1,46.73,0
PHL,1994,0.785660055534329,54.2257,446.176123730806,73159336915.2718,69019291.0,39.9947470370006,43.1,46.645,0
PHL,1995,0.926987667068776,65.3955,459.479994263148,84644328727.4825,70546246.0,36.8570066162007,37.8,46.56,0
PHL,1996,0.949963569868626,68.5781,463.395880336417,94648084429.0341,72190242.0,36.9520799847441,35.8,46.475,0
PHL,1997,1.03972178688846,76.8446,477.495245543937,94106317565.0846,73908810.0,33.434681006106,33.4,46.39,0
PHL,1998,0.99708904843402,75.5704,482.924814401891,74492416329.9142,75791024.0,33.6090008654678,32.8,46.305,0
PHL,1999,0.951436671006592,73.9773,483.114784115224,85640171045.1254,77753257.0,44.4921799575208,33.6,46.22,0
PHL,2000,0.932441190842665,74.246,487.402779547692,83669788376.9213,79625397.0,42.9482888054758,33.9,46.135,0
PHL,2001,0.880483904667689,71.6727,454.033054960371,78921234457.5487,81401488.0,37.3486503719447,32.9,46.05,0
PHL,2002,0.877841281830554,72.9213,451.284468681461,84307345887.543,83068889.0,35.6985165163926,31.8,45.965,0
PHL,2003,0.882266977931022,74.7561,442.568789118581,87039092974.2272,84731835.0,33.4695882130714,30.9,45.88,0
PHL,2004,0.875840435405474,75.6678,430.074923261744,95001999685.3314,86394504.0,33.7773111496328,30.2,45.795,0
PHL,2005,0.896020428658156,78.8641,434.470089148121,107419977318.166,88015962.0,32.4167801014726,31.3,45.71,0
PHL,2006,0.792682424086449,70.9522,423.356012358413,127652926368.069,89508986.0,36.0824014229611,33.3,45.625,0
PHL,2007,0.844793242470968,76.9397,425.625019287303,155980408673.403,91075184.0,31.6598614349701,32.4,45.54,0
PHL,2008,0.838628467732074,77.7401,439.081886950045,181624626327.361,92699095.0,33.9814702158794,33.9,45.455,0
PHL,2009,0.833016101733075,78.6236,420.717035027758,175974755881.372,94384250.0,32.6763983981398,34.1,45.371,0
PHL,2010,0.881750415532953,84.9453,431.460692039266,208368893151.144,96337125.0,26.3783620206076,32.7,45.332,0
PHL,2011,0.86071646771526,84.5642,428.32978664067,234216730291.32,98248614.0,28.7636463513357,33.8,45.522,0
PHL,2012,0.893216298210684,89.4784,437.466406247307,261920540962.63,100175512.0,28.5478942965675,34.1,45.712,0
PHL,2013,0.954798181627522,97.4623,443.26971934561,283902828588.718,102076336.0,26.5409082454229,33.1,45.903,0
PHL,2014,1.002138152997,103.989,465.625886441589,297483555338.044,103767130.0,25.736972897414,32.4,46.093,0
PHL,2015,1.07452934202078,113.1619,499.070776259238,306445871242.322,105312992.0,25.5285937898147,30.8,46.284,0
PHL,2016,1.13620258650246,121.2734,520.980850770081,318627003016.731,106735719.0,24.3251318876174,28.6,46.475,0
PHL,2017,1.25437278109918,135.6224,544.47519980766,328480736802.76,108119693.0,24.6857793790399,27.8,46.682,0
PHL,2018,1.29093253096756,141.3123,554.498283533215,346841896587.313,109465287.0,23.4897057054649,27.6,46.907,0
PHL,2019,1.33475495796509,147.8971,551.866549795025,376823402239.136,110804683.0,20.9368263218944,26.9,47.149,0
PHL,2020,1.21162266692496,135.8002,518.156775784154,361751145451.597,112081264.0,21.3903690236352,29.1,47.408,0
PHL,2021,1.28722791453122,145.5867,530.987980701231,394087359848.11,113100950.0,22.7211103754847,28.0,47.684,0
PHL,2022,1.32180559851978,150.6387,550.793803994865,404353369604.631,113964338.0,22.7211103754847,28.0,47.977,0
PHL,2023,1.40383511882403,161.2883,550.793803994865,437055627244.424,114891199.0,22.7211103754847,28.0,48.287,0
PHL,2024,1.40383511882403,161.2883,550.793803994865,461617509782.355,115843670.0,22.7211103754847,28.0,48.614,0
SGP,1990,10.3862254736585,31.6482,3782.71772957552,36144336768.7023,3047132.0,0.540918925798651,0.2,,1
SGP,1991,10.6788560302869,33.4791,4167.37343867502,45466164978.2923,3135083.0,1.44790497015543,0.5,,1
SGP,1992,10.5852048071346,34.1976,4588.88701797782,52131320032.8797,3230698.0,1.38621704198257,0.5,,1
SGP,1993,11.9127947701972,39.4727,5487.72262199385,60603815716.2653,3313471.0,1.29205779981015,0.5,,1
SGP,1994,12.1812270550165,41.6482,6460.58950762107,73688724431.1412,3419048.0,1.17511631253298,0.5,,1
SGP,1995,11.7303531331767,41.3437,5346.98780182868,87812540788.4293,3524506.0,1.10142060780435,0.4,,1
SGP,1996,11.5838542143414,42.5209,5359.513368456,96293086513.0872,3670704.0,1.01659751037344,0.5,,1
SGP,1997,11.1153260320366,42.1942,5818.45053429947,100123787215.299,3796038.0,0.910848390214886,0.4,,1
SGP,1998,10.4576451544645,41.0694,5083.35878222717,85728207781.7785,3927213.0,0.863436123348018,0.4,,1
SGP,1999,10.4599892440062,41.4082,4587.57994680042,86286849754.8905,3958723.0,0.829945799457995,0.4,,1
SGP,2000,11.3010369953278,45.5193,4634.81368272521,96076539925.7409,4027887.0,4.35427127743565,0.3,,1
SGP,2001,11.0938779297885,45.9066,5146.02323865296,89793790669.6515,4138012.0,4.16688325425368,0.6,,1
SGP,2002,10.8280032088507,45.2172,5066.19603486754,92538372869.6942,4175950.0,3.97755596584353,0.6,,1
SGP,2003,10.314555220561,42.4426,6217.05880619521,97646401095.6369,4114826.0,3.90235480584173,0.6,,1
SGP,2004,10.6855268387372,44.523,7371.02793327917,115033593101.049,4166664.0,3.7455651843199,0.5,,1
SGP,2005,9.78289459186893,41.7315,4925.75757554205,127807848728.398,4265762.0,3.60814382539973,0.5,,1
SGP,2006,9.5355418148688,41.9694,5128.30865666219,148627286361.351,4401365.0,3.49571522742254,0.5,,1
SGP,2007,9.44913687162465,43.3583,4537.4171693226,180941701357.97,4588599.0,3.35200447329395,0.5,,1
SGP,2008,8.86887537205056,42.92,4958.46248257993,193617323539.203,4839396.0,3.30571935375617,0.5,,1
SGP,2009,8.77428761443692,43.7624,5321.08304981114,194150283771.566,4987573.0,2.77227841140043,0.5,,1
SGP,2010,9.63034881494631,48.8907,4856.84920025022,239807980591.24,5076732.0,3.27738972965981,0.5,,1
SGP,2011,9.90489782564074,51.3439,4086.3260711538,279356499090.458,5183688.0,3.36993654381085,0.5,,1
SGP,2012,9.44225785642258,50.1614,4787.02308838074,295092888076.589,5312437.0,3.37321573139035,0.5,,1
SGP,2013,9.74877212426669,52.6352,5273.75292208676,307576360584.992,5399162.0,3.85061808175773,0.6,,1
SGP,2014,9.84961946891653,53.8747,4986.32779651842,314863580758.455,5469724.0,4.03466780066015,0.6,,1
SGP,2015,9.9706739040022,55.1877,5242.6504334371,307998545269.398,5535002.0,4.17967076556922,0.7,,1
SGP,2016,9.44912179392408,52.9839,5449.41985010808,319646468521.497,5607283.0,4.59045610232792,0.7,,1
SGP,2017,10.1381031824474,56.8976,5799.39529471808,343673334902.33,5612253.0,4.27901206291037,0.7,,1
SGP,2018,9.61665468985982,54.2252,5692.66564748734,377123710560.614,5638676.0,4.11612199206036,0.8,,1
SGP,2019,9.80130160606455,55.9024,5565.91519291042,376161998830.048,5703569.0,4.17542088160238,0.9,,1
SGP,2020,9.47610427156602,53.8793,5538.12371561154,349165858544.568,5685807.0,4.08125772500843,0.9,,1
SGP,2021,10.2115753252092,55.6895,5966.32763521289,436591382250.464,5453566.0,4.02215992761209,1.1,,1
SGP,2022,9.89125108967111,55.7572,5785.04367341681,509017841146.557,5637022.0,4.02215992761209,1.1,,1
SGP,2023,9.64374697514959,57.0683,5282.7637359991,505439514078.019,5917648.0,4.02215992761209,1.1,,1
SGP,2024,9.64374697514959,57.0683,5282.7637359991,547386645891.847,6036860.0,4.02215992761209,1.1,,1
THA,1990,1.74219238588741,95.3647,774.494770138849,85343190719.0107,54738329.0,11.2640347700109,33.5,29.424,0
THA,1991,1.86897008945452,103.9847,825.479872492741,98234714971.0612,55637434.0,9.1401813290824,33.0,29.593,0
THA,1992,2.01674777158857,114.0044,865.704309113413,111452746517.655,56528834.0,7.42407790115241,31.7,29.763,0
THA,1993,2.25442714645041,129.4226,899.125553407656,128889262951.157,57408198.0,5.84004920592364,26.4,29.934,0
THA,1994,2.47837424422237,144.3922,979.262431000536,146683778959.101,58260854.0,6.34334124787502,23.8,30.105,0
THA,1995,2.76694402634583,163.5215,1052.28021147702,169278916592.843,59098232.0,8.74217998826218,22.6,30.276,0
THA,1996,3.06853143548044,183.8666,1160.58015021158,183035237429.281,59920064.0,9.12936043275973,21.0,30.449,0
THA,1997,3.08587046063584,187.3882,1166.79566594222,150180456565.728,60724584.0,8.09323579259005,21.1,30.622,0
THA,1998,2.71456860670618,167.0074,1079.80595351035,113675596787.738,61522630.0,6.10536134677742,21.5,30.795,0
THA,1999,2.80137850592665,174.5232,1138.84929761085,126669211778.94,62299043.0,4.88899254767379,21.1,30.969,0
THA,2000,2.77458280373633,174.8204,1153.04552225626,126392224253.794,63007815.0,7.13108348875251,21.8,31.386,0
THA,2001,2.8827731462033,183.4918,1174.20279195013,120296476180.402,63651141.0,6.94952157781683,19.9,32.548,0
THA,2002,3.0346555543448,195.0265,1286.14403684353,134300904400.022,64266437.0,7.79250181171053,19.9,33.734,0
THA,2003,3.12748475114897,202.8742,1379.29175743715,152280615245.887,64868166.0,7.52554644691964,20.2,34.941,0
THA,2004,3.37760100917852,221.0709,1477.38480877104,172895685154.658,65452047.0,6.39453737065229,19.9,36.169,0
THA,2005,3.47145647315512,229.1766,1508.58026062719,189318408468.595,66017420.0,6.17551835518204,20.1,37.411,0
THA,2006,3.49724934862165,232.8038,1525.12655757667,221758296021.621,66567687.0,7.62993902351127,20.5,38.673,0
THA,2007,3.54368131783793,237.7895,1569.87237319879,262942621455.053,67102394.0,7.6331567331992,21.6,39.95,0
THA,2008,3.53294884059898,238.8974,1596.82835450256,291382982430.951,67619830.0,7.41289770876317,22.6,41.242,0
THA,2009,3.40486234217073,231.9429,1578.76107269732,281710630187.319,68121080.0,7.29017796952946,22.8,42.543,0
THA,2010,3.59121735116937,246.2837,1718.62118368043,341104766329.17,68579447.0,6.10681541683912,22.8,43.856,0
THA,2011,3.57426864741434,246.6503,1704.82334080525,370818739623.622,69007208.0,12.9156731757451,23.0,44.698,0
THA,2012,3.81252846322096,264.7271,1818.19204308684,397558325278.579,69436098.0,12.8615436696005,23.6,45.445,0
THA,2013,3.95086476628845,275.9486,1943.92303978228,420333654592.547,69845114.0,12.1677661124825,23.2,46.193,0
THA,2014,3.87839205637056,272.3266,1926.22582617648,407339040197.651,70216367.0,12.5800867327152,24.4,46.943,0
THA,2015,3.96561450717985,279.7376,1932.67390968815,401296238228.084,70540795.0,13.1383644566273,22.6,47.694,0
THA,2016,3.89512446125867,276.0079,1985.00530928348,413366349747.508,70859841.0,20.9233645462311,22.4,48.448,0
THA,2017,3.8917772939523,276.9396,1988.13781529099,456356813536.764,71160187.0,20.2627968718758,22.2,49.2,0
THA,2018,3.84702835805817,274.5858,1951.8556356188,506754208404.485,71376079.0,23.9614675434309,23.7,49.949,0
THA,2019,3.97693747727893,284.4396,1989.81234226863,543976691793.886,71522271.0,25.2454437243751,23.9,50.692,0
THA,2020,3.8307274595261,274.439,1884.35073727402,500461898480.246,71641484.0,18.8002557141409,20.9,51.43,0
THA,2021,3.72927854057084,267.4912,1848.06336093307,506194668789.937,71727332.0,19.9307401392503,19.0,52.163,0
THA,2022,3.84564905250522,275.8689,1867.46968312053,495644697587.661,71735329.0,19.9307401392503,19.0,52.889,0
THA,2023,3.82358004996623,274.16,1851.27231424167,515906283940.933,71702435.0,19.9307401392503,19.0,53.608,0
THA,2024,3.82358004996623,274.16,1851.27231424167,526411265427.683,71668011.0,19.9307401392503,19.0,54.32,0
VNM,1990,0.314077409460033,20.5735,272.780251085134,6471740805.56984,65504552.0,61.8477133970741,75.9,20.257,0
VNM,1991,0.309698763412991,20.7163,270.748866586584,9613369520.41885,66891775.0,68.5884907709012,75.5,20.629,0
VNM,1992,0.317802415771841,21.6933,276.933206862751,9866990236.43587,68260337.0,74.4770736733642,74.5,21.006,0
VNM,1993,0.365025433711285,25.4008,294.74751383968,13180953598.1716,69586384.0,74.7045582442319,70.6,21.387,0
VNM,1994,0.42146011811745,29.8623,289.677004526493,16286433533.3228,70854391.0,75.2197265625,67.8,21.774,0
VNM,1995,0.47672628179843,34.3481,303.783392969624,20736164458.9505,72049940.0,72.2419442927362,64.9,22.166,0
VNM,1996,0.52869708120188,38.6776,315.960539910077,24657470574.7501,73156447.0,70.8687440982059,62.6,22.563,0
VNM,1997,0.600995146112078,44.61,335.565681064978,26843700441.5482,74226889.0,60.9293330545683,60.5,22.965,0
VNM,1998,0.662279218790629,49.8694,352.512759719206,27209602050.0452,75299660.0,51.1573220213943,59.2,23.371,0
VNM,1999,0.669643547670199,51.0854,358.075426214906,28683659006.7752,76287452.0,58.4659790313681,59.3,23.817,0
VNM,2000,0.732528345156287,56.5175,372.486738202477,31172518403.3162,77154011.0,52.9610707428184,57.7,24.374,0
VNM,2001,0.796089633208614,62.0706,393.081627304938,32685198808.5549,77969361.0,53.2845334553058,56.1,24.937,0
VNM,2002,0.927432238043704,73.0559,424.572449525025,35064105500.8344,78772224.0,49.3342552240474,52.2,25.511,0
VNM,2003,0.975515528881943,77.6157,441.331501223992,39552513231.9169,79563777.0,43.6720342089188,50.8,26.092,0
VNM,2004,1.14380230237203,91.8919,485.432705372372,45427854693.2554,80338971.0,39.0070765435305,45.8,26.683,0
VNM,2005,1.2395029108572,100.5092,509.245126631649,57633255738.1992,81088313.0,33.8738631280751,44.1,27.281,0
VNM,2006,1.25492319707294,103.1144,515.075042472671,66371664817.0436,82167897.0,31.7774618550907,44.2,27.888,0
VNM,2007,1.36623566847565,114.2629,544.673183366382,77414425532.2452,83633375.0,31.2375089541547,41.9,28.504,0
VNM,2008,1.47618358400159,125.7351,572.099542305108,99130304099.1274,85175788.0,34.2240040329173,39.3,29.128,0
VNM,2009,1.62807275843963,140.7632,615.142147070174,106014659565.214,86460018.0,36.6443402464683,37.0,29.762,0
VNM,2010,1.79201678135555,156.7211,670.10802910064,147201173196.979,87455152.0,38.6856474505548,34.6,30.417,0
VNM,2011,1.77115729819379,156.6913,663.574440140704,172595049183.925,88468314.0,41.0713256207241,36.3,31.08,0
VNM,2012,1.74437692997221,156.1398,664.347312614103,195590661129.249,89510356.0,48.1067504592149,37.9,31.752,0
VNM,2013,1.80040313071306,163.0681,674.678165107275,213708811665.34,90573104.0,48.6293021944302,37.4,32.429,0
VNM,2014,1.9505990745289,178.8301,745.633531778112,233451469642.519,91679578.0,44.4826656645009,36.7,33.115,0
VNM,2015,2.16223081341234,200.7053,679.445923972947,239258328381.741,92823254.0,35.3964190424428,27.8,33.809,0
VNM,2016,2.38781404921017,224.4548,738.879533385899,257096001177.982,94000117.0,36.0290921584165,26.8,34.51,0
VNM,2017,2.42079237292859,230.4037,757.479979941312,281353605986.903,95176977.0,45.1716093478926,28.3,35.213,0
VNM,2018,2.94958653201883,283.8603,885.646841787765,310106478394.659,96237319.0,39.5259564601314,24.3,35.919,0
VNM,2019,3.48803981847942,338.946,987.27147244039,334365270496.667,97173776.0,30.8673770187175,20.4,36.628,0
VNM,2020,3.58958813190048,352.0639,991.281232485165,346615738537.796,98079191.0,35.7344713706839,18.9,37.34,0
VNM,2021,3.44776633263152,341.1051,962.199524881189,366474752771.009,98935098.0,41.1697321016349,24.2,38.052,0
VNM,2022,3.25941578132688,324.9007,1023.0571362687,413445230668.578,99680655.0,41.1697321016349,24.2,38.766,0
VNM,2023,3.71639615007114,372.9485,1023.0571362687,433857681378.291,100352192.0,41.1697321016349,24.2,39.48,0
VNM,2024,3.71639615007114,372.9485,1023.0571362687,476388230307.175,100987686.0,41.1697321016349,24.2,40.195,0
